date,weight_lb,calories,protein_g,carbs_g,fat_g,fiber_g,sodium_mg,steps,day_type,activity,notes
2026-09-16,178.5,2039,165,223,55,33,1982,8137,normal,Push (old split),First logged day of the cut
2026-09-17,177.3,2051,173,203,61,19,798,14427,normal,Flag football,
2026-09-18,177.4,2858,171,292,90,36,1837,13300,light_social,Upper B,Wine at a friend's place; ~500 kcal of snack-table grazing
2026-09-19,177.3,4077,179,302,114,25,5683,15920,heavy_social,Rest,Big night out; ~2400 kcal of late-night food
2026-09-20,180.0,2010,174,191,62,12,1692,12276,normal,Lower (partial),Squat rack taken; weight up from Saturday water
2026-09-21,179.0,2133,183,242,49,21,958,10513,normal,Rest,
2026-09-22,178.0,2059,199,221,43,12,1416,12545,normal,Run 20 min,
2026-09-23,176.9,2058,196,226,42,16,1070,10286,normal,Squat + RDL,First barbell squat session
2026-09-24,177.0,2033,187,198,49,21,2028,10069,normal,Upper A,
2026-09-25,178.4,2220,208,188,65,25,1732,12829,normal,Rest,
2026-09-26,179.2,4244,207,419,123,11,1996,9516,heavy_social,Upper B,Planned light day became a full night out
2026-09-27,179.6,2871,95,357,86,15,3271,6185,heavy_social,Rest,Brunch + pizza; protein collapsed
2026-09-28,181.6,2186,213,227,45,27,1500,10017,normal,Rest,Weekend water peak
2026-09-29,179.3,2072,186,228,44,27,1518,12806,normal,Run 29 min,
2026-09-30,177.6,2099,186,245,38,35,1959,11718,normal,Lower,
